{
    "name": "root",
    "metadata": {
        "timer_format_version": "0.1.0",
        "start_time_seconds": "1647889837",
        "python_version": "3.8.12 (default, Oct 12 2021, 03:01:40) [MSC v.1916 64 bit (AMD64)]",
        "command_line_arguments": "C:\\Users\\mahes\\.conda\\envs\\mlagents\\Scripts\\mlagents-learn results\\FirstRun2\\configuration.yaml",
        "mlagents_version": "0.27.0",
        "mlagents_envs_version": "0.27.0",
        "communication_protocol_version": "1.5.0",
        "pytorch_version": "1.7.1",
        "numpy_version": "1.21.5",
        "end_time_seconds": "1647889854"
    },
    "total": 17.158208300000002,
    "count": 1,
    "self": 0.017069900000002747,
    "children": {
        "run_training.setup": {
            "total": 0.10272039999999993,
            "count": 1,
            "self": 0.10272039999999993
        },
        "TrainerController.start_learning": {
            "total": 17.038418,
            "count": 1,
            "self": 0.021094000000008606,
            "children": {
                "TrainerController._reset_env": {
                    "total": 5.747716700000001,
                    "count": 1,
                    "self": 5.747716700000001
                },
                "TrainerController.advance": {
                    "total": 11.148463899999989,
                    "count": 768,
                    "self": 0.022425599999962742,
                    "children": {
                        "env_step": {
                            "total": 9.368011700000018,
                            "count": 768,
                            "self": 7.785057900000019,
                            "children": {
                                "SubprocessEnvManager._take_step": {
                                    "total": 1.5688931000000252,
                                    "count": 768,
                                    "self": 0.054210100000038786,
                                    "children": {
                                        "TorchPolicy.evaluate": {
                                            "total": 1.5146829999999865,
                                            "count": 768,
                                            "self": 0.2677293000000027,
                                            "children": {
                                                "TorchPolicy.sample_actions": {
                                                    "total": 1.2469536999999837,
                                                    "count": 768,
                                                    "self": 1.2469536999999837
                                                }
                                            }
                                        }
                                    }
                                },
                                "workers": {
                                    "total": 0.014060699999974169,
                                    "count": 768,
                                    "self": 0.0,
                                    "children": {
                                        "worker_root": {
                                            "total": 10.277845800000017,
                                            "count": 768,
                                            "is_parallel": true,
                                            "self": 3.863253300000027,
                                            "children": {
                                                "steps_from_proto": {
                                                    "total": 0.0011862999999996404,
                                                    "count": 1,
                                                    "is_parallel": true,
                                                    "self": 0.0006640999999989461,
                                                    "children": {
                                                        "_process_rank_one_or_two_observation": {
                                                            "total": 0.0005222000000006943,
                                                            "count": 4,
                                                            "is_parallel": true,
                                                            "self": 0.0005222000000006943
                                                        }
                                                    }
                                                },
                                                "UnityEnvironment.step": {
                                                    "total": 6.413406199999991,
                                                    "count": 768,
                                                    "is_parallel": true,
                                                    "self": 0.1867890999999755,
                                                    "children": {
                                                        "UnityEnvironment._generate_step_input": {
                                                            "total": 0.20848189999998024,
                                                            "count": 768,
                                                            "is_parallel": true,
                                                            "self": 0.20848189999998024
                                                        },
                                                        "communicator.exchange": {
                                                            "total": 5.394911000000008,
                                                            "count": 768,
                                                            "is_parallel": true,
                                                            "self": 5.394911000000008
                                                        },
                                                        "steps_from_proto": {
                                                            "total": 0.6232242000000277,
                                                            "count": 768,
                                                            "is_parallel": true,
                                                            "self": 0.24187200000007625,
                                                            "children": {
                                                                "_process_rank_one_or_two_observation": {
                                                                    "total": 0.3813521999999514,
                                                                    "count": 3072,
                                                                    "is_parallel": true,
                                                                    "self": 0.3813521999999514
                                                                }
                                                            }
                                                        }
                                                    }
                                                }
                                            }
                                        }
                                    }
                                }
                            }
                        },
                        "trainer_advance": {
                            "total": 1.758026600000008,
                            "count": 768,
                            "self": 0.023888800000047006,
                            "children": {
                                "process_trajectory": {
                                    "total": 0.9170580999999602,
                                    "count": 768,
                                    "self": 0.9170580999999602
                                },
                                "_update_policy": {
                                    "total": 0.8170797000000007,