{"count":1,"self":1386.133504,"total":7848.0720701,"children":{"InitializeActuators":{"count":24,"self":0.0029982999999999998,"total":0.0029982999999999998,"children":null},"InitializeSensors":{"count":24,"self":0.0079052,"total":0.0079052,"children":null},"AgentSendState":{"count":1458467,"self":458.0430336,"total":869.6049945,"children":{"CollectObservations":{"count":7000656,"self":22.377313599999997,"total":22.3773141,"children":null},"WriteActionMask":{"count":7000656,"self":11.8713856,"total":11.871386,"children":null},"RequestDecision":{"count":7000656,"self":53.23768,"total":377.3132377,"children":{"AgentInfo.ToProto":{"count":7000656,"self":37.080483199999996,"total":324.0755574,"children":{"GenerateSensorData":{"count":7000656,"self":251.62982399999999,"total":286.9950755,"children":{"RayPerceptionSensor.Perceive":{"count":7000656,"self":35.365251199999996,"total":35.365249899999995,"children":null}}}}}}}}},"DecideAction":{"count":1458467,"self":5554.9878272,"total":5554.9879832,"children":null},"AgentAct":{"count":1458467,"self":33.3584896,"total":33.4821534,"children":{"AgentInfo.ToProto":{"count":1617,"self":0.0099686,"total":0.12366469999999999,"children":{"GenerateSensorData":{"count":1617,"self":0.090998,"total":0.1136961,"children":{"RayPerceptionSensor.Perceive":{"count":1617,"self":0.0226981,"total":0.0226981,"children":null}}}}}}},"AgentInfo.ToProto":{"count":53364,"self":0.5725587,"total":3.85154,"children":{"GenerateSensorData":{"count":53364,"self":2.9087676,"total":3.2789813,"children":{"RayPerceptionSensor.Perceive":{"count":53364,"self":0.3702137,"total":0.3702137,"children":null}}}}}},"gauges":{"MoveSomewhere.CumulativeReward":{"count":54981,"max":88.74006,"min":-5.65403748,"runningAverage":32.46244,"value":88.60006,"weightedAverage":37.85908}},"metadata":{"timer_format_version":"0.1.0","start_time_seconds":"1648388012","unity_version":"2019.4.25f1","command_line_arguments":"C:\\Program Files\\Unity\\Hub\\Editor\\2019.4.25f1\\Editor\\Unity.exe -projectpath C:\\new-fyp-editions\\racerdeep-with-barcelona\\racerdeep -useHub -hubIPC -cloudEnvironment production -licensingIpc LicenseClient-prith -hubSessionId 14377f70-ab44-11ec-9d8a-f71fb692e893 -accessToken Q2d3zIQ0BtoBN-uzPDXqlIs92SNng1kNlI41KY4TtGQ001f","communication_protocol_version":"1.5.0","com.unity.ml-agents_version":"2.1.0-exp.1","scene_name":"ComplicatedTrack","end_time_seconds":"1648395860"}}