{"count":1,"self":1705.2068864,"total":22104.6936172,"children":{"InitializeActuators":{"count":2,"self":0.0019989,"total":0.0019989,"children":null},"InitializeSensors":{"count":2,"self":0.0059949999999999995,"total":0.0059949999999999995,"children":null},"AgentSendState":{"count":2608467,"self":540.9532416,"total":919.64622509999992,"children":{"CollectObservations":{"count":5216934,"self":15.097424,"total":15.0974232,"children":null},"WriteActionMask":{"count":5216934,"self":10.212963199999999,"total":10.2129633,"children":null},"RequestDecision":{"count":5216934,"self":50.3332864,"total":353.38258559999997,"children":{"AgentInfo.ToProto":{"count":5216934,"self":34.936614399999996,"total":303.04930049999996,"children":{"GenerateSensorData":{"count":5216934,"self":227.36363519999998,"total":268.11268509999996,"children":{"RayPerceptionSensor.Perceive":{"count":5216934,"self":40.749043199999996,"total":40.7490424,"children":null}}}}}}}}},"DecideAction":{"count":2608467,"self":19464.208383999998,"total":19464.2076842,"children":null},"AgentAct":{"count":2608467,"self":15.034817599999998,"total":15.093808999999998,"children":{"AgentInfo.ToProto":{"count":863,"self":0.0070003999999999995,"total":0.0589919,"children":{"GenerateSensorData":{"count":863,"self":0.0479929,"total":0.051991499999999996,"children":{"RayPerceptionSensor.Perceive":{"count":863,"self":0.0039986,"total":0.0039986,"children":null}}}}}}},"AgentInfo.ToProto":{"count":7525,"self":0.0843458,"total":0.5290407,"children":{"GenerateSensorData":{"count":7525,"self":0.3946879,"total":0.4446949,"children":{"RayPerceptionSensor.Perceive":{"count":7525,"self":0.050006999999999996,"total":0.050006999999999996,"children":null}}}}}},"gauges":{"MoveSomewhere.CumulativeReward":{"count":8388,"max":58.02991,"min":-11.5101681,"runningAverage":15.1050262,"value":51.8158951,"weightedAverage":35.1575546}},"metadata":{"timer_format_version":"0.1.0","start_time_seconds":"1650529257","unity_version":"2019.4.25f1","command_line_arguments":"C:\\Program Files\\Unity\\Hub\\Editor\\2019.4.25f1\\Editor\\Unity.exe -projectpath C:\\new-fyp-editions\\racerdeep-apr14\\final_year_project -useHub -hubIPC -cloudEnvironment production -licensingIpc LicenseClient-prith -hubSessionId c0bd72b0-c05f-11ec-abe2-8f129d28ef18 -accessToken vwypErjd81tjGSzQTIFEYcD28jY54brCGTEWzQd2XJw001f","communication_protocol_version":"1.5.0","com.unity.ml-agents_version":"2.1.0-exp.1","scene_name":"OvalTrack","end_time_seconds":"1650551362"}}