{"cameraMode":{"drawMode":0,"name":"Shaded","section":"Shading Mode"},"sceneLighting":false,"audioPlay":false,"sceneViewState":{"showFog":true,"showMaterialUpdate":false,"showSkybox":false,"showFlares":true,"showImageEffects":true,"showParticleSystems":true},"in2DMode":false,"pivot":{"x":681.0401611328125,"y":1522.1153564453125,"z":-767.0066528320313},"rotation":{"x":0.059554122388362887,"y":-0.11652328073978424,"z":0.006999846547842026,"w":0.9913776516914368},"size":15.144086837768555,"orthographic":false}