{"cameraMode":{"drawMode":0,"name":"Shaded","section":"Shading Mode"},"sceneLighting":false,"audioPlay":false,"sceneViewState":{"showFog":true,"showMaterialUpdate":false,"showSkybox":false,"showFlares":true,"showImageEffects":true,"showParticleSystems":true},"in2DMode":false,"pivot":{"x":680.9864501953125,"y":1565.9541015625,"z":-781.979248046875},"rotation":{"x":0.003889199113473296,"y":0.06744825839996338,"z":-0.0002629221708048135,"w":0.9977154731750488},"size":17.609127044677736,"orthographic":false}