{"cameraMode":{"drawMode":0,"name":"Shaded","section":"Shading Mode"},"sceneLighting":true,"audioPlay":false,"sceneViewState":{"showFog":true,"showMaterialUpdate":false,"showSkybox":true,"showFlares":true,"showImageEffects":true,"showParticleSystems":true},"in2DMode":false,"pivot":{"x":1304.9334716796875,"y":132.06690979003907,"z":-2336.6337890625},"rotation":{"x":0.7426563501358032,"y":0.010042614303529263,"z":-0.011139635927975178,"w":0.6695104837417603},"size":1349.2442626953125,"orthographic":true}