{"cameraMode":{"drawMode":0,"name":"Shaded","section":"Shading Mode"},"sceneLighting":false,"audioPlay":false,"sceneViewState":{"showFog":true,"showMaterialUpdate":false,"showSkybox":false,"showFlares":true,"showImageEffects":true,"showParticleSystems":true},"in2DMode":false,"pivot":{"x":672.263671875,"y":1515.596435546875,"z":-772.3623046875},"rotation":{"x":0.2592604458332062,"y":0.6137786507606506,"z":-0.22369927167892457,"w":0.7113515734672546},"size":14.66589641571045,"orthographic":false}