{"cameraMode":{"drawMode":0,"name":"Shaded","section":"Shading Mode"},"sceneLighting":false,"audioPlay":false,"sceneViewState":{"showFog":true,"showMaterialUpdate":false,"showSkybox":false,"showFlares":true,"showImageEffects":true,"showParticleSystems":true},"in2DMode":false,"pivot":{"x":-0.7000007629394531,"y":5.730000019073486,"z":68.0999984741211},"rotation":{"x":0.02184274047613144,"y":0.8733212947845459,"z":-0.48506566882133486,"w":0.03932599723339081},"size":43.79155731201172,"orthographic":false}