{"cameraMode":{"drawMode":0,"name":"Shaded","section":"Shading Mode"},"sceneLighting":false,"audioPlay":false,"sceneViewState":{"showFog":true,"showMaterialUpdate":false,"showSkybox":false,"showFlares":true,"showImageEffects":true,"showParticleSystems":true},"in2DMode":false,"pivot":{"x":1333.224853515625,"y":98.97107696533203,"z":-1720.6640625},"rotation":{"x":0.7426563501358032,"y":0.010042614303529263,"z":-0.011139635927975178,"w":0.6695104837417603},"size":45.288482666015628,"orthographic":true}