{"cameraMode":{"drawMode":0,"name":"Shaded","section":"Shading Mode"},"sceneLighting":false,"audioPlay":false,"sceneViewState":{"showFog":true,"showMaterialUpdate":false,"showSkybox":false,"showFlares":true,"showImageEffects":true,"showParticleSystems":true},"in2DMode":false,"pivot":{"x":787.748291015625,"y":36.02826690673828,"z":-1087.425537109375},"rotation":{"x":0.7426563501358032,"y":0.010042614303529263,"z":-0.011139635927975178,"w":0.6695104837417603},"size":1343.9686279296875,"orthographic":true}